symboling,normalized-losses,make,fuel-type,aspiration,num-of-doors,body-style,drive-wheels,engine-location,wheel-base,length,width,height,curb-weight,num-of-cylinders,engine-size,fuel-system,bore,stroke,compression-ratio,horsepower,peak-rpm,city-mpg,highway-mpg,price,normalized-losses_norm,wheel-base_norm,length_norm,width_norm,height_norm,curb-weight_norm,bore_norm,stroke_norm,compression-ratio_norm,horsepower_norm,peak-rpm_norm,city-mpg_norm,highway-mpg_norm,price_norm,highway-mpg-binned,Dual_Overhead,L_Engine,Overhead,Rotary
3,115,alfa-romero,gas,std,two,convertible,rwd,front,88.6,168.8,64.1,53.55699482,2548,four,130,mpfi,3.47,2.68,9,111,5000,21,27,13495,-0.041206508,-2.037927261,-0.429911144,-0.939256598,1.04E-14,0.107877724,0.550466444,-2.32679411,0.213923913,0.363949325,-0.318519747,-0.65383761,-0.584124035,0.425017517,2,1,0,0,0
3,115,alfa-romero,gas,std,two,convertible,rwd,front,88.6,168.8,64.1,53.55699482,2548,four,130,mpfi,3.47,2.68,9,111,5000,21,27,16500,-0.041206508,-2.037927261,-0.429911144,-0.939256598,1.04E-14,0.107877724,0.550466444,-2.32679411,0.213923913,0.363949325,-0.318519747,-0.65383761,-0.584124035,1.058184635,2,1,0,0,0
1,115,alfa-romero,gas,std,two,hatchback,rwd,front,94.5,171.2,65.5,52.4,2823,six,152,mpfi,3.330447761,3.47,9,154,5000,19,26,16500,-0.041206508,-0.766511651,-0.192063797,-0.031729337,-0.561791657,0.743655606,3.50E-15,0.851125975,0.213923913,1.732961197,-0.318519747,-0.989479788,-0.760173782,1.058184635,2,0,0,1,0
2,164,audi,gas,std,four,sedan,fwd,front,99.8,176.6,66.2,54.3,2337,four,109,mpfi,3.19,3.4,10,102,5500,24,30,13950,1.937122118,0.375607457,0.343092733,0.422034294,0.3607744,-0.379937306,-0.553998849,0.569538119,1.743132717,0.077411957,0.853727649,-0.150374342,-0.055974792,0.520888079,2,0,0,1,0
2,164,audi,gas,std,four,sedan,4wd,front,99.4,176.6,66.4,54.3,2824,five,136,mpfi,3.19,3.4,8,115,5500,18,22,17450,1.937122118,0.289409789,0.343092733,0.551681046,0.3607744,0.745967526,-0.553998849,0.569538119,-1.315284891,0.491299267,0.853727649,-1.157300877,-1.464372773,1.25835394,1,0,0,1,0
2,115,audi,gas,std,two,sedan,fwd,front,99.8,177.3,66.3,53.1,2507,five,136,mpfi,3.19,3.4,8.5,110,5500,19,25,15250,-0.041206508,0.375607457,0.412464876,0.48685767,-0.221898899,0.013089022,-0.553998849,0.569538119,-0.550680489,0.33211184,0.853727649,-0.989479788,-0.93622353,0.79480397,2,0,0,1,0
1,158,audi,gas,std,four,sedan,fwd,front,105.8,192.7,65.54894737,55.7,2844,five,136,mpfi,3.19,3.4,8.5,110,5500,19,25,17710,1.694877796,1.668572484,1.938652017,0,1.040559916,0.792205917,-0.553998849,0.569538119,-0.550680489,0.33211184,0.853727649,-0.989479788,-0.93622353,1.313137119,2,0,0,1,0
1,115,audi,gas,std,four,wagon,fwd,front,105.8,192.7,65.54894737,55.7,2954,five,136,mpfi,3.19,3.4,8.5,110,5500,19,25,18920,-0.041206508,1.668572484,1.938652017,0,1.040559916,1.04651707,-0.553998849,0.569538119,-0.550680489,0.33211184,0.853727649,-0.989479788,-0.93622353,1.568089602,2,0,0,1,0
1,158,audi,gas,turbo,four,sedan,fwd,front,105.8,192.7,65.54894737,55.9,3086,five,131,mpfi,3.13,3.4,8.3,140,5500,17,20,23875,1.694877796,1.668572484,1.938652017,0,1.137672133,1.351690453,-0.790669984,0.569538119,-0.85652225,1.287236401,0.853727649,-1.325121966,-1.816472268,2.612130558,1,0,0,1,0
0,115,audi,gas,turbo,two,hatchback,4wd,front,99.5,178.2,67.9,52,3053,five,131,mpfi,3.13,3.4,7,160,5500,16,22,10295,-0.041206508,0.310959206,0.501657631,1.524031683,-0.75601609,1.275397108,-0.790669984,0.569538119,-2.844493696,1.923986109,0.853727649,-1.492943055,-1.464372773,-0.249236985,1,0,0,1,0
2,116.0206186,bmw,gas,std,two,sedan,rwd,front,101.2,176.8,64.8,54.3,2395,four,108,mpfi,3.5,2.8,8.8,101,5800,23,29,16430,1.15E-15,0.677299297,0.362913345,-0.485492967,0.3607744,-0.24584597,0.668802012,-1.844072072,-0.091917848,0.045574471,1.557076086,-0.318195431,-0.232024539,1.043435318,2,0,0,1,0
0,116.0206186,bmw,gas,std,four,sedan,rwd,front,101.2,176.8,64.8,54.3,2395,four,108,mpfi,3.5,2.8,8.8,101,5800,23,29,16925,1.15E-15,0.677299297,0.362913345,-0.485492967,0.3607744,-0.24584597,0.668802012,-1.844072072,-0.091917848,0.045574471,1.557076086,-0.318195431,-0.232024539,1.147734061,2,0,0,1,0
0,116.0206186,bmw,gas,std,two,sedan,rwd,front,101.2,176.8,64.8,54.3,2710,six,164,mpfi,3.31,3.19,9,121,4250,21,28,20970,1.15E-15,0.677299297,0.362913345,-0.485492967,0.3607744,0.482408695,-0.080656581,-0.275225448,0.213923913,0.682324179,-2.076890841,-0.65383761,-0.408074287,2.000033893,2,0,0,1,0
0,116.0206186,bmw,gas,std,four,sedan,rwd,front,101.2,176.8,64.8,54.3,2765,six,164,mpfi,3.31,3.19,9,121,4250,21,28,21105,1.15E-15,0.677299297,0.362913345,-0.485492967,0.3607744,0.609564271,-0.080656581,-0.275225448,0.213923913,0.682324179,-2.076890841,-0.65383761,-0.408074287,2.028479005,2,0,0,1,0
1,115,bmw,gas,std,four,sedan,rwd,front,103.5,189,66.9,55.7,3055,six,164,mpfi,3.31,3.19,9,121,4250,20,25,24565,-0.041206508,1.172935891,1.571970691,0.875797925,1.040559916,1.280020947,-0.080656581,-0.275225448,0.213923913,0.682324179,-2.076890841,-0.821658699,-0.93622353,2.757516685,2,0,0,1,0
0,115,bmw,gas,std,four,sedan,rwd,front,103.5,189,66.9,55.7,3230,six,209,mpfi,3.62,3.39,8,182,5400,16,22,11477.87435,-0.041206508,1.172935891,1.571970691,0.875797925,1.040559916,1.684606872,1.14214428,0.529311283,-1.315284891,2.624410788,0.61927817,-1.492943055,-1.464372773,0,1,0,0,1,0
0,115,bmw,gas,std,two,sedan,rwd,front,103.5,193.8,67.9,53.7,3380,six,209,mpfi,3.62,3.39,8,182,5400,16,22,11477.87435,-0.041206508,1.172935891,2.047665384,1.524031683,0.069437751,2.031394807,1.14214428,0.529311283,-1.315284891,2.624410788,0.61927817,-1.492943055,-1.464372773,0,1,0,0,1,0
0,115,bmw,gas,std,four,sedan,rwd,front,110,197,65.54894737,56.3,3505,six,209,mpfi,3.62,3.39,8,182,5400,15,20,11477.87435,-0.041206508,2.573648004,2.36479518,0,1.331896566,2.320384754,1.14214428,0.529311283,-1.315284891,2.624410788,0.61927817,-1.660764144,-1.816472268,0,1,0,0,1,0
2,121,chevrolet,gas,std,two,hatchback,fwd,front,88.4,173.1380208,65.54894737,53.2,2501.338462,three,61,2bbl,2.91,3.03,9.5,48,5100,24.8960396,30.31794872,5151,0.201037813,-2.081026095,-8.45E-15,0,-0.173342791,1.05E-15,-1.658464143,-0.918854832,0.978528315,-1.641812254,-0.084070268,0,6.25E-16,-1.333101097,2,0,1,0,0
1,98,chevrolet,gas,std,two,hatchback,fwd,front,94.5,155.9,63.6,52,1874,four,90,2bbl,3.03,3.11,9.6,70,5400,38,43,6295,-0.72756542,-0.766511651,-1.708340632,-1.263373477,-0.75601609,-1.450356067,-1.185121874,-0.59704014,1.131449195,-0.941387575,0.61927817,2.199120905,2.232671928,-1.092055113,4,0,0,1,0
0,81,chevrolet,gas,std,four,sedan,fwd,front,94.5,158.8,63.6,52,1909,four,90,2bbl,3.03,3.11,9.6,70,5400,38,43,6575,-1.413924331,-0.766511651,-1.420941755,-1.263373477,-0.75601609,-1.369438882,-1.185121874,-0.59704014,1.131449195,-0.941387575,0.61927817,2.199120905,2.232671928,-1.033057844,4,0,0,1,0
1,118,dodge,gas,std,two,hatchback,fwd,front,93.7,157.3,63.8,50.8,1876,four,90,2bbl,2.97,3.23,9.41,68,5500,37,41,5572,0.079915652,-0.938906987,-1.569596347,-1.133726725,-1.33868939,-1.445732228,-1.421793009,-0.114318102,0.840899522,-1.005062546,0.853727649,2.031299816,1.880572433,-1.244394489,4,0,0,1,0
1,118,dodge,gas,std,two,hatchback,fwd,front,93.7,157.3,63.8,50.8,1876,four,90,2bbl,2.97,3.23,9.4,68,5500,31,38,6377,0.079915652,-0.938906987,-1.569596347,-1.133726725,-1.33868939,-1.445732228,-1.421793009,-0.114318102,0.825607434,-1.005062546,0.853727649,1.024373281,1.35242319,-1.074777341,4,0,0,1,0
1,118,dodge,gas,turbo,two,hatchback,fwd,front,93.7,157.3,63.8,50.8,2128,four,98,mpfi,3.03,3.39,7.6,102,5500,24,30,7957,0.079915652,-0.938906987,-1.569596347,-1.133726725,-1.33868939,-0.863128496,-1.185121874,0.529311283,-1.926968413,0.077411957,0.853727649,-0.150374342,-0.055974792,-0.741864181,2,0,0,1,0
1,148,dodge,gas,std,four,hatchback,fwd,front,93.7,157.3,63.8,50.6,1967,four,90,2bbl,2.97,3.23,9.4,68,5500,31,38,6229,1.29113726,-0.938906987,-1.569596347,-1.133726725,-1.435801606,-1.235347547,-1.421793009,-0.114318102,0.825607434,-1.005062546,0.853727649,1.024373281,1.35242319,-1.105961612,4,0,0,1,0
1,148,dodge,gas,std,four,sedan,fwd,front,93.7,157.3,63.8,50.6,1989,four,90,2bbl,2.97,3.23,9.4,68,5500,31,38,6692,1.29113726,-0.938906987,-1.569596347,-1.133726725,-1.435801606,-1.184485316,-1.421793009,-0.114318102,0.825607434,-1.005062546,0.853727649,1.024373281,1.35242319,-1.008405414,4,0,0,1,0
1,148,dodge,gas,std,four,sedan,fwd,front,93.7,157.3,63.8,50.6,1989,four,90,2bbl,2.97,3.23,9.4,68,5500,31,38,7609,1.29113726,-0.938906987,-1.569596347,-1.133726725,-1.435801606,-1.184485316,-1.421793009,-0.114318102,0.825607434,-1.005062546,0.853727649,1.024373281,1.35242319,-0.815189358,4,0,0,1,0
1,148,dodge,gas,turbo,four,sedan,fwd,front,93.7,157.3,63.8,50.6,2191,four,98,mpfi,3.03,3.39,7.6,102,5500,24,30,8558,1.29113726,-0.938906987,-1.569596347,-1.133726725,-1.435801606,-0.717477563,-1.185121874,0.529311283,-1.926968413,0.077411957,0.853727649,-0.150374342,-0.055974792,-0.615230757,2,0,0,1,0
-1,110,dodge,gas,std,four,wagon,fwd,front,103.3,174.6,64.6,53.55699482,2535,four,122,2bbl,3.34,3.46,8.5,88,5000,24,30,8921,-0.243076776,1.129837056,0.144886611,-0.615139719,1.04E-14,0.07782277,0.037678987,0.810899138,-0.550680489,-0.368312839,-0.318519747,-0.150374342,-0.055974792,-0.538745012,2,0,0,1,0
3,145,dodge,gas,turbo,two,hatchback,fwd,front,95.9,173.2,66.3,50.2,2811,four,156,mfi,3.6,3.258418367,7,145,5000,19,24,12964,1.1700151,-0.464819811,0.006142325,0.48685767,-1.630026039,0.715912571,1.063253902,-1.79E-15,-2.844493696,1.446423828,-0.318519747,-0.989479788,-1.112273278,0.31313341,1,0,0,1,0
2,137,honda,gas,std,two,hatchback,fwd,front,98.05699482,173.1380208,63.9,50.8,1713,four,92,1bbl,2.91,3.41,9.6,58,4800,24.8960396,30.31794872,6479,0.847022671,-2.45E-14,-8.45E-15,-1.068903349,-1.33868939,-1.822575118,-1.658464143,0.609764956,1.131449195,-1.3234374,-0.787418705,0,6.25E-16,-1.053285479,2,0,0,1,0
2,137,honda,gas,std,two,hatchback,fwd,front,98.05699482,173.1380208,63.9,50.8,1819,four,92,1bbl,2.91,3.41,9.2,76,6000,31,38,6855,0.847022671,-2.45E-14,-8.45E-15,-1.068903349,-1.33868939,-1.577511644,-1.658464143,0.609764956,0.519765674,-0.750362663,2.025975045,1.024373281,1.35242319,-0.974060575,4,0,0,1,0
1,101,honda,gas,std,two,hatchback,fwd,front,93.7,150,64,52.6,1837,four,79,1bbl,2.91,3.07,10.1,60,5500,38,42,5399,-0.606443259,-0.938906987,-2.293048693,-1.004079974,-0.46467944,-1.535897091,-1.658464143,-0.757947486,1.896053597,-1.259762429,0.853727649,2.199120905,2.05662218,-1.280846373,4,0,0,1,0
1,101,honda,gas,std,two,hatchback,fwd,front,93.7,150,64,52.6,1940,four,92,1bbl,2.91,3.41,9.2,76,6000,30,34,6529,-0.606443259,-0.938906987,-2.293048693,-1.004079974,-0.46467944,-1.297769375,-1.658464143,0.609764956,0.519765674,-0.750362663,2.025975045,0.856552192,0.648224199,-1.042750252,3,0,0,1,0
1,101,honda,gas,std,two,hatchback,fwd,front,93.7,150,64,52.6,1956,four,92,1bbl,2.91,3.41,9.2,76,6000,30,34,7129,-0.606443259,-0.938906987,-2.293048693,-1.004079974,-0.46467944,-1.260778662,-1.658464143,0.609764956,0.519765674,-0.750362663,2.025975045,0.856552192,0.648224199,-0.916327533,3,0,0,1,0
0,110,honda,gas,std,four,sedan,fwd,front,96.5,163.4,64,54.5,2010,four,92,1bbl,2.91,3.41,9.2,76,6000,30,34,7295,-0.243076776,-0.335523308,-0.965067674,-1.004079974,0.457886617,-1.135935005,-1.658464143,0.609764956,0.519765674,-0.750362663,2.025975045,0.856552192,0.648224199,-0.881350581,3,0,0,1,0
0,78,honda,gas,std,four,wagon,fwd,front,96.5,157.1,63.9,58.3,2024,four,92,1bbl,2.92,3.41,9.2,76,6000,30,34,7295,-1.535046492,-0.335523308,-1.589416959,-1.068903349,2.303018732,-1.103568131,-1.619018954,0.609764956,0.519765674,-0.750362663,2.025975045,0.856552192,0.648224199,-0.881350581,3,0,0,1,0
0,106,honda,gas,std,two,hatchback,fwd,front,96.5,167.5,65.2,53.3,2236,four,110,1bbl,3.15,3.58,9,86,5800,27,33,7895,-0.404572991,-0.335523308,-0.558745123,-0.226199464,-0.124786682,-0.613441182,-0.711779606,1.293621177,0.213923913,-0.431987809,1.557076086,0.353088925,0.472174451,-0.754927862,3,0,0,1,0
0,106,honda,gas,std,two,hatchback,fwd,front,96.5,167.5,65.2,53.3,2289,four,110,1bbl,3.15,3.58,9,86,5800,27,33,9095,-0.404572991,-0.335523308,-0.558745123,-0.226199464,-0.124786682,-0.490909445,-0.711779606,1.293621177,0.213923913,-0.431987809,1.557076086,0.353088925,0.472174451,-0.502082424,3,0,0,1,0
0,85,honda,gas,std,four,sedan,fwd,front,96.5,175.4,65.2,54.1,2304,four,110,1bbl,3.15,3.58,9,86,5800,27,33,8845,-1.252428116,-0.335523308,0.22416906,-0.226199464,0.263662184,-0.456230651,-0.711779606,1.293621177,0.213923913,-0.431987809,1.557076086,0.353088925,0.472174451,-0.554758557,3,0,0,1,0
0,85,honda,gas,std,four,sedan,fwd,front,96.5,175.4,62.5,54.1,2372,four,110,1bbl,3.15,3.58,9,86,5800,27,33,10295,-1.252428116,-0.335523308,0.22416906,-1.976430611,0.263662184,-0.299020121,-0.711779606,1.293621177,0.213923913,-0.431987809,1.557076086,0.353088925,0.472174451,-0.249236985,3,0,0,1,0
0,85,honda,gas,std,four,sedan,fwd,front,96.5,175.4,65.2,54.1,2465,four,110,mpfi,3.15,3.58,9,101,5800,24,28,12945,-1.252428116,-0.335523308,0.22416906,-0.226199464,0.263662184,-0.0840116,-0.711779606,1.293621177,0.213923913,0.045574471,1.557076086,-0.150374342,-0.408074287,0.309130024,2,0,0,1,0
1,107,honda,gas,std,two,sedan,fwd,front,96.5,169.1,66,51,2293,four,110,2bbl,3.15,3.58,9.1,100,5500,25,31,10345,-0.364198937,-0.335523308,-0.400180225,0.292387542,-1.241577173,-0.481661767,-0.711779606,1.293621177,0.366844793,0.013736986,0.853727649,0.017446747,0.120074956,-0.238701759,3,0,0,1,0
0,115,isuzu,gas,std,four,sedan,rwd,front,94.3,170.7,61.8,53.5,2337,four,111,2bbl,3.31,3.23,8.5,78,4800,24,29,6785,-0.041206508,-0.809610485,-0.241615328,-2.430194241,-0.027674466,-0.379937306,-0.080656581,-0.114318102,-0.550680489,-0.686687692,-0.787418705,-0.150374342,-0.232024539,-0.988809892,2,0,0,1,0
1,115,isuzu,gas,std,two,sedan,fwd,front,94.5,155.9,63.6,52,1874,four,90,2bbl,3.03,3.11,9.6,70,5400,38,43,10295,-0.041206508,-0.766511651,-1.708340632,-1.263373477,-0.75601609,-1.450356067,-1.185121874,-0.59704014,1.131449195,-0.941387575,0.61927817,2.199120905,2.232671928,-0.249236985,4,0,0,1,0
0,115,isuzu,gas,std,four,sedan,fwd,front,94.5,155.9,63.6,52,1909,four,90,2bbl,3.03,3.11,9.6,70,5400,38,43,10295,-0.041206508,-0.766511651,-1.708340632,-1.263373477,-0.75601609,-1.369438882,-1.185121874,-0.59704014,1.131449195,-0.941387575,0.61927817,2.199120905,2.232671928,-0.249236985,4,0,0,1,0
2,115,isuzu,gas,std,two,hatchback,rwd,front,96,172.6,65.2,51.4,2734,four,119,spfi,3.43,3.23,9.2,90,5000,24,29,11048,-0.041206508,-0.443270394,-0.053319512,-0.226199464,-1.04735274,0.537894764,0.392685688,-0.114318102,0.519765674,-0.304637868,-0.318519747,-0.150374342,-0.232024539,-0.090576473,2,0,0,1,0
0,145,jaguar,gas,std,four,sedan,rwd,front,98.05699482,173.1380208,69.6,52.8,2501.338462,six,258,mpfi,3.63,3.258418367,8.1,176,4750,15,19,11477.87435,1.1700151,-2.45E-14,-8.45E-15,2.626029071,-0.367567224,1.05E-15,1.181589469,-1.79E-15,-1.162364011,2.433385875,-0.904643445,-1.660764144,-1.992522016,0,1,1,0,0,0
0,115,jaguar,gas,std,four,sedan,rwd,front,98.05699482,173.1380208,69.6,52.8,2501.338462,six,258,mpfi,3.63,3.258418367,8.1,176,4750,15,19,11477.87435,-0.041206508,-2.45E-14,-8.45E-15,2.626029071,-0.367567224,1.05E-15,1.181589469,-1.79E-15,-1.162364011,2.433385875,-0.904643445,-1.660764144,-1.992522016,0,1,1,0,0,0
0,115,jaguar,gas,std,two,sedan,rwd,front,102,191.7,65.54894737,53.55699482,2501.338462,twelve,326,mpfi,3.54,2.76,11.5,99.56852792,5000,13,30.31794872,11477.87435,-0.041206508,0.849694634,1.839548956,0,1.04E-14,1.05E-15,0.826582768,-2.004979418,4.036945923,-4.52E-16,-0.318519747,-1.996406322,6.25E-16,0,2,0,0,1,0
1,104,mazda,gas,std,two,hatchback,fwd,front,93.1,159.1,64.2,54.1,1890,four,91,2bbl,3.03,3.15,9,68,5000,30,31,5195,-0.485321098,-1.06820349,-1.391210837,-0.874433222,0.263662184,-1.413365354,-1.185121874,-0.436132794,0.213923913,-1.005062546,-0.318519747,0.856552192,0.120074956,-1.323830098,3,0,0,1,0
1,104,mazda,gas,std,two,hatchback,fwd,front,93.1,159.1,64.2,54.1,1900,four,91,2bbl,3.03,3.15,9,68,5000,31,38,6095,-0.485321098,-1.06820349,-1.391210837,-0.874433222,0.263662184,-1.390246158,-1.185121874,-0.436132794,0.213923913,-1.005062546,-0.318519747,1.024373281,1.35242319,-1.134196019,4,0,0,1,0
1,104,mazda,gas,std,two,hatchback,fwd,front,93.1,159.1,64.2,54.1,1905,four,91,2bbl,3.03,3.15,9,68,5000,31,38,6795,-0.485321098,-1.06820349,-1.391210837,-0.874433222,0.263662184,-1.37868656,-1.185121874,-0.436132794,0.213923913,-1.005062546,-0.318519747,1.024373281,1.35242319,-0.986702847,4,0,0,1,0
1,113,mazda,gas,std,four,sedan,fwd,front,93.1,166.8,64.2,54.1,1945,four,91,2bbl,3.03,3.15,9,68,5000,31,38,6695,-0.121954616,-1.06820349,-0.628117266,-0.874433222,0.263662184,-1.286209778,-1.185121874,-0.436132794,0.213923913,-1.005062546,-0.318519747,1.024373281,1.35242319,-1.0077733,4,0,0,1,0
1,113,mazda,gas,std,four,sedan,fwd,front,93.1,166.8,64.2,54.1,1950,four,91,2bbl,3.08,3.15,9,68,5000,31,38,7395,-0.121954616,-1.06820349,-0.628117266,-0.874433222,0.263662184,-1.27465018,-0.987895929,-0.436132794,0.213923913,-1.005062546,-0.318519747,1.024373281,1.35242319,-0.860280128,4,0,0,1,0
3,150,mazda,gas,std,two,hatchback,rwd,front,95.3,169,65.7,49.6,2380,two,70,4bbl,3.31,3.29,9.4,101,6000,17,23,10945,1.371885368,-0.594116314,-0.410090532,0.097917415,-1.921362689,-0.280524764,-0.080656581,0.127042917,0.825607434,0.045574471,2.025975045,-1.325121966,-1.288323025,-0.11227904,1,0,0,0,1
3,150,mazda,gas,std,two,hatchback,rwd,front,95.3,169,65.7,49.6,2380,two,70,4bbl,3.31,3.29,9.4,101,6000,17,23,11845,1.371885368,-0.594116314,-0.410090532,0.097917415,-1.921362689,-0.280524764,-0.080656581,0.127042917,0.825607434,0.045574471,2.025975045,-1.325121966,-1.288323025,0.077355039,1,0,0,0,1
3,150,mazda,gas,std,two,hatchback,rwd,front,95.3,169,65.7,49.6,2385,two,70,4bbl,3.31,3.29,9.4,101,6000,17,23,13645,1.371885368,-0.594116314,-0.410090532,0.097917415,-1.921362689,-0.268965166,-0.080656581,0.127042917,0.825607434,0.045574471,2.025975045,-1.325121966,-1.288323025,0.456623197,1,0,0,0,1
3,150,mazda,gas,std,two,hatchback,rwd,front,95.3,169,65.7,49.6,2500,two,80,mpfi,3.31,3.29,9.4,135,6000,16,23,15645,1.371885368,-0.594116314,-0.410090532,0.097917415,-1.921362689,-0.003094415,-0.080656581,0.127042917,0.825607434,1.128048975,2.025975045,-1.492943055,-1.288323025,0.87803226,1,0,0,0,1
1,129,mazda,gas,std,two,hatchback,fwd,front,98.8,177.8,66.5,53.7,2385,four,122,2bbl,3.39,3.39,8.6,84,4800,26,32,8845,0.524030242,0.160113286,0.462016406,0.616504421,0.069437751,-0.268965166,0.234904932,0.529311283,-0.397759609,-0.49566278,-0.787418705,0.185267836,0.296124704,-0.554758557,3,0,0,1,0
0,115,mazda,gas,std,four,sedan,fwd,front,98.8,177.8,66.5,55.5,2410,four,122,2bbl,3.39,3.39,8.6,84,4800,26,32,8495,-0.041206508,0.160113286,0.462016406,0.616504421,0.9434477,-0.211167177,0.234904932,0.529311283,-0.397759609,-0.49566278,-0.787418705,0.185267836,0.296124704,-0.628505143,3,0,0,1,0
1,129,mazda,gas,std,two,hatchback,fwd,front,98.8,177.8,66.5,53.7,2385,four,122,2bbl,3.39,3.39,8.6,84,4800,26,32,10595,0.524030242,0.160113286,0.462016406,0.616504421,0.069437751,-0.268965166,0.234904932,0.529311283,-0.397759609,-0.49566278,-0.787418705,0.185267836,0.296124704,-0.186025626,3,0,0,1,0
0,115,mazda,gas,std,four,sedan,fwd,front,98.8,177.8,66.5,55.5,2410,four,122,2bbl,3.39,3.39,8.6,84,4800,26,32,10245,-0.041206508,0.160113286,0.462016406,0.616504421,0.9434477,-0.211167177,0.234904932,0.529311283,-0.397759609,-0.49566278,-0.787418705,0.185267836,0.296124704,-0.259772212,3,0,0,1,0
0,115,mazda,diesel,std,four,sedan,fwd,front,98.8,177.8,66.5,55.5,2443,four,122,idi,3.39,3.39,8.860108108,64,4650,36,42,10795,-0.041206508,0.160113286,0.462016406,0.616504421,0.9434477,-0.134873831,0.234904932,0.529311283,0,-1.132412488,-1.139092924,1.863478727,2.05662218,-0.143884719,4,0,0,1,0
0,115,mazda,gas,std,four,hatchback,fwd,front,98.8,177.8,66.5,55.5,2425,four,122,2bbl,3.39,3.39,8.6,84,4800,26,32,11245,-0.041206508,0.160113286,0.462016406,0.616504421,0.9434477,-0.176488383,0.234904932,0.529311283,-0.397759609,-0.49566278,-0.787418705,0.185267836,0.296124704,-0.04906768,3,0,0,1,0
0,118,mazda,gas,std,four,sedan,rwd,front,104.9,175,66.1,54.4,2670,four,140,mpfi,3.76,3.16,8,120,5000,19,27,18280,0.079915652,1.47462773,0.184527835,0.357210918,0.409330509,0.389931912,1.694376927,-0.395905957,-1.315284891,0.650486694,-0.318519747,-0.989479788,-0.584124035,1.433238702,2,0,0,1,0
0,115,mazda,diesel,std,four,sedan,rwd,front,104.9,175,66.1,54.4,2700,four,134,idi,3.43,3.64,8.860108108,72,4200,31,39,18344,-0.041206508,1.47462773,0.184527835,0.357210918,0.409330509,0.459289499,0.392685688,1.534982196,0,-0.877712605,-2.19411558,1.024373281,1.528472937,1.446723792,4,0,0,1,0
-1,93,mercedes-benz,diesel,turbo,four,sedan,rwd,front,110,190.9,65.54894737,56.5,3515,five,183,idi,3.58,3.64,8.860108108,123,4350,22,25,25552,-0.929435688,2.573648004,1.760266507,0,1.429008783,2.34350395,0.984363524,1.534982196,0,0.74599915,-1.842441362,-0.48601652,-0.93622353,2.965482058,2,0,0,1,0
-1,93,mercedes-benz,diesel,turbo,four,wagon,rwd,front,110,190.9,65.54894737,53.55699482,2501.338462,five,183,idi,3.58,3.64,8.860108108,123,4350,22,25,28248,-0.929435688,2.573648004,1.760266507,0,1.04E-14,1.05E-15,0.984363524,1.534982196,0,0.74599915,-1.842441362,-0.48601652,-0.93622353,3.533541476,2,0,0,1,0
0,93,mercedes-benz,diesel,turbo,two,hardtop,rwd,front,106.7,187.5,65.54894737,54.9,3495,five,183,idi,3.58,3.64,8.860108108,123,4350,22,25,28176,-0.929435688,1.862517238,1.423316099,0,0.65211105,2.297265558,0.984363524,1.534982196,0,0.74599915,-1.842441362,-0.48601652,-0.93622353,3.51837075,2,0,0,1,0
-1,93,mercedes-benz,diesel,turbo,four,sedan,rwd,front,98.05699482,173.1380208,65.54894737,56.3,2501.338462,five,183,idi,3.58,3.64,8.860108108,123,4350,22,25,11477.87435,-0.929435688,-2.45E-14,-8.45E-15,0,1.331896566,1.05E-15,0.984363524,1.534982196,0,0.74599915,-1.842441362,-0.48601652,-0.93622353,0,2,0,0,1,0
-1,115,mercedes-benz,gas,std,four,sedan,rwd,front,98.05699482,173.1380208,65.54894737,56.5,2501.338462,eight,234,mpfi,3.46,3.1,8.3,155,4750,16,18,11477.87435,-0.041206508,-2.45E-14,-8.45E-15,0,1.429008783,1.05E-15,0.511021255,-0.637266977,-0.85652225,1.764798682,-0.904643445,-1.492943055,-2.168571764,0,1,0,0,1,0
3,142,mercedes-benz,gas,std,two,convertible,rwd,front,96.6,180.3,65.54894737,50.8,2501.338462,eight,234,mpfi,3.46,3.1,8.3,155,4750,16,18,11477.87435,1.048892939,-0.313973891,0.709774059,0,-1.33868939,1.05E-15,0.511021255,-0.637266977,-0.85652225,1.764798682,-0.904643445,-1.492943055,-2.168571764,0,1,0,0,1,0
0,115,mercedes-benz,gas,std,four,sedan,rwd,front,98.05699482,173.1380208,65.54894737,56.7,2501.338462,eight,308,mpfi,3.8,3.35,8,99.56852792,4500,14,30.31794872,11477.87435,-0.041206508,-2.45E-14,-8.45E-15,0,1.526120999,1.05E-15,1.852157684,0.368403937,-1.315284891,-4.52E-16,-1.490767143,-1.828585233,6.25E-16,0,2,0,0,1,0
1,115,mercedes-benz,gas,std,two,hardtop,rwd,front,98.05699482,173.1380208,65.54894737,55.4,2501.338462,eight,304,mpfi,3.8,3.35,8,99.56852792,4500,14,30.31794872,11477.87435,-0.041206508,-2.45E-14,-8.45E-15,0,0.894891592,1.05E-15,1.852157684,0.368403937,-1.315284891,-4.52E-16,-1.490767143,-1.828585233,6.25E-16,0,2,0,0,1,0
1,115,mercury,gas,turbo,two,hatchback,rwd,front,102.7,178.4,68,54.8,2910,four,140,mpfi,3.78,3.12,8,175,5000,19,24,16503,-0.041206508,1.000540554,0.521478243,1.588855059,0.603554942,0.944792609,1.773267305,-0.556813303,-1.315284891,2.40154839,-0.318519747,-0.989479788,-1.112273278,1.058816749,1,0,0,1,0
2,161,mitsubishi,gas,std,two,hatchback,fwd,front,93.7,157.3,64.4,50.8,1918,four,92,2bbl,2.97,3.23,9.4,68,5500,37,41,5389,1.815999957,-0.938906987,-1.569596347,-0.74478647,-1.33868939,-1.348631606,-1.421793009,-0.114318102,0.825607434,-1.005062546,0.853727649,2.031299816,1.880572433,-1.282953419,4,0,0,1,0
2,161,mitsubishi,gas,std,two,hatchback,fwd,front,93.7,157.3,64.4,50.8,1944,four,92,2bbl,2.97,3.23,9.4,68,5500,31,38,6189,1.815999957,-0.938906987,-1.569596347,-0.74478647,-1.33868939,-1.288521697,-1.421793009,-0.114318102,0.825607434,-1.005062546,0.853727649,1.024373281,1.35242319,-1.114389793,4,0,0,1,0
2,161,mitsubishi,gas,std,two,hatchback,fwd,front,93.7,157.3,64.4,50.8,2004,four,92,2bbl,2.97,3.23,9.4,68,5500,31,38,6669,1.815999957,-0.938906987,-1.569596347,-0.74478647,-1.33868939,-1.149806523,-1.421793009,-0.114318102,0.825607434,-1.005062546,0.853727649,1.024373281,1.35242319,-1.013251618,4,0,0,1,0
1,161,mitsubishi,gas,turbo,two,hatchback,fwd,front,93,157.3,63.8,50.8,2145,four,98,spdi,3.03,3.39,7.6,102,5500,24,30,7689,1.815999957,-1.089752907,-1.569596347,-1.133726725,-1.33868939,-0.823825863,-1.185121874,0.529311283,-1.926968413,0.077411957,0.853727649,-0.150374342,-0.055974792,-0.798332995,2,0,0,1,0
3,153,mitsubishi,gas,turbo,two,hatchback,fwd,front,96.3,173,65.4,49.4,2370,four,110,spdi,3.17,3.46,7.5,116,5500,23,30,9959,1.493007528,-0.378622142,-0.013678287,-0.096552712,-2.018474906,-0.30364396,-0.632889228,0.810899138,-2.079889294,0.523136752,0.853727649,-0.318195431,-0.055974792,-0.320033708,2,0,0,1,0
3,153,mitsubishi,gas,std,two,hatchback,fwd,front,96.3,173,65.4,49.4,2328,four,122,2bbl,3.35,3.46,8.5,88,5000,25,32,8499,1.493007528,-0.378622142,-0.013678287,-0.096552712,-2.018474906,-0.400744582,0.077124176,0.810899138,-0.550680489,-0.368312839,-0.318519747,0.017446747,0.296124704,-0.627662325,3,0,0,1,0
3,115,mitsubishi,gas,turbo,two,hatchback,fwd,front,95.9,173.2,66.3,50.2,2833,four,156,spdi,3.58,3.86,7,145,5000,19,24,12629,-0.041206508,-0.464819811,0.006142325,0.48685767,-1.630026039,0.766774802,0.984363524,2.419972599,-2.844493696,1.446423828,-0.318519747,-0.989479788,-1.112273278,0.242547392,1,0,0,1,0
3,115,mitsubishi,gas,turbo,two,hatchback,fwd,front,95.9,173.2,66.3,50.2,2921,four,156,spdi,3.59,3.86,7,145,5000,19,24,14869,-0.041206508,-0.464819811,0.006142325,0.48685767,-1.630026039,0.970223724,1.023808713,2.419972599,-2.844493696,1.446423828,-0.318519747,-0.989479788,-1.112273278,0.714525544,1,0,0,1,0
3,115,mitsubishi,gas,turbo,two,hatchback,fwd,front,95.9,173.2,66.3,50.2,2926,four,156,spdi,3.59,3.86,7,145,5000,19,24,14489,-0.041206508,-0.464819811,0.006142325,0.48685767,-1.630026039,0.981783322,1.023808713,2.419972599,-2.844493696,1.446423828,-0.318519747,-0.989479788,-1.112273278,0.634457822,1,0,0,1,0
1,125,mitsubishi,gas,std,four,sedan,fwd,front,96.3,172.4,65.4,51.6,2365,four,122,2bbl,3.35,3.46,8.5,88,5000,25,32,6989,0.362534028,-0.378622142,-0.073140124,-0.096552712,-0.950240523,-0.315203558,0.077124176,0.810899138,-0.550680489,-0.368312839,-0.318519747,0.017446747,0.296124704,-0.945826168,3,0,0,1,0
1,125,mitsubishi,gas,std,four,sedan,fwd,front,96.3,172.4,65.4,51.6,2405,four,122,2bbl,3.35,3.46,8.5,88,5000,25,32,8189,0.362534028,-0.378622142,-0.073140124,-0.096552712,-0.950240523,-0.222726775,0.077124176,0.810899138,-0.550680489,-0.368312839,-0.318519747,0.017446747,0.296124704,-0.692980729,3,0,0,1,0
1,125,mitsubishi,gas,turbo,four,sedan,fwd,front,96.3,172.4,65.4,51.6,2403,four,110,spdi,3.17,3.46,7.5,116,5500,23,30,9279,0.362534028,-0.378622142,-0.073140124,-0.096552712,-0.950240523,-0.227350614,-0.632889228,0.810899138,-2.079889294,0.523136752,0.853727649,-0.318195431,-0.055974792,-0.46331279,2,0,0,1,0
-1,137,mitsubishi,gas,std,four,sedan,fwd,front,96.3,172.4,65.4,51.6,2403,four,110,spdi,3.17,3.46,7.5,116,5500,23,30,9279,0.847022671,-0.378622142,-0.073140124,-0.096552712,-0.950240523,-0.227350614,-0.632889228,0.810899138,-2.079889294,0.523136752,0.853727649,-0.318195431,-0.055974792,-0.46331279,2,0,0,1,0
1,128,nissan,gas,std,two,sedan,fwd,front,94.5,165.3,63.8,54.5,1889,four,97,2bbl,3.15,3.29,9.4,69,5200,31,37,5499,0.483656188,-0.766511651,-0.776771858,-1.133726725,0.457886617,-1.415677274,-0.711779606,0.127042917,0.825607434,-0.973225061,0.150379211,1.024373281,1.176373442,-1.25977592,4,0,0,1,0
1,128,nissan,diesel,std,two,sedan,fwd,front,94.5,165.3,63.8,54.5,2017,four,103,idi,2.99,3.47,8.860108108,55,4800,24.8960396,30.31794872,7099,0.483656188,-0.766511651,-0.776771858,-1.133726725,0.457886617,-1.119751568,-1.342902631,0.851125975,0,-1.418949856,-0.787418705,0,6.25E-16,-0.922648669,2,0,0,1,0
1,128,nissan,gas,std,two,sedan,fwd,front,94.5,165.3,63.8,54.5,1918,four,97,2bbl,3.15,3.29,9.4,69,5200,31,37,6649,0.483656188,-0.766511651,-0.776771858,-1.133726725,0.457886617,-1.348631606,-0.711779606,0.127042917,0.825607434,-0.973225061,0.150379211,1.024373281,1.176373442,-1.017465709,4,0,0,1,0
1,122,nissan,gas,std,four,sedan,fwd,front,94.5,165.3,63.8,54.5,1938,four,97,2bbl,3.15,3.29,9.4,69,5200,31,37,6849,0.241411867,-0.766511651,-0.776771858,-1.133726725,0.457886617,-1.302393215,-0.711779606,0.127042917,0.825607434,-0.973225061,0.150379211,1.024373281,1.176373442,-0.975324802,4,0,0,1,0
1,103,nissan,gas,std,four,wagon,fwd,front,94.5,170.2,63.8,53.5,2024,four,97,2bbl,3.15,3.29,9.4,69,5200,31,37,7349,-0.525695152,-0.766511651,-0.291166858,-1.133726725,-0.027674466,-1.103568131,-0.711779606,0.127042917,0.825607434,-0.973225061,0.150379211,1.024373281,1.176373442,-0.869972536,4,0,0,1,0
1,128,nissan,gas,std,two,sedan,fwd,front,94.5,165.3,63.8,54.5,1951,four,97,2bbl,3.15,3.29,9.4,69,5200,31,37,7299,0.483656188,-0.766511651,-0.776771858,-1.133726725,0.457886617,-1.27233826,-0.711779606,0.127042917,0.825607434,-0.973225061,0.150379211,1.024373281,1.176373442,-0.880507763,4,0,0,1,0
1,128,nissan,gas,std,two,hatchback,fwd,front,94.5,165.6,63.8,53.3,2028,four,97,2bbl,3.15,3.29,9.4,69,5200,31,37,7799,0.483656188,-0.766511651,-0.747040939,-1.133726725,-0.124786682,-1.094320453,-0.711779606,0.127042917,0.825607434,-0.973225061,0.150379211,1.024373281,1.176373442,-0.775155497,4,0,0,1,0
1,122,nissan,gas,std,four,sedan,fwd,front,94.5,165.3,63.8,54.5,1971,four,97,2bbl,3.15,3.29,9.4,69,5200,31,37,7499,0.241411867,-0.766511651,-0.776771858,-1.133726725,0.457886617,-1.226099869,-0.711779606,0.127042917,0.825607434,-0.973225061,0.150379211,1.024373281,1.176373442,-0.838366856,4,0,0,1,0
1,103,nissan,gas,std,four,wagon,fwd,front,94.5,170.2,63.8,53.5,2037,four,97,2bbl,3.15,3.29,9.4,69,5200,31,37,7999,-0.525695152,-0.766511651,-0.291166858,-1.133726725,-0.027674466,-1.073513177,-0.711779606,0.127042917,0.825607434,-0.973225061,0.150379211,1.024373281,1.176373442,-0.733014591,4,0,0,1,0
2,168,nissan,gas,std,two,hardtop,fwd,front,95.1,162.4,63.8,53.3,2008,four,97,2bbl,3.15,3.29,9.4,69,5200,31,37,8249,2.098618333,-0.637215148,-1.064170735,-1.133726725,-0.124786682,-1.140558845,-0.711779606,0.127042917,0.825607434,-0.973225061,0.150379211,1.024373281,1.176373442,-0.680338458,4,0,0,1,0
0,106,nissan,gas,std,four,hatchback,fwd,front,97.2,173.4,65.2,54.7,2324,four,120,2bbl,3.33,3.47,8.5,97,5200,27,34,8949,-0.404572991,-0.184677388,0.025962937,-0.226199464,0.554998834,-0.40999226,-0.001766202,0.851125975,-0.550680489,-0.08177547,0.150379211,0.353088925,0.648224199,-0.532845285,3,0,0,1,0
0,106,nissan,gas,std,four,sedan,fwd,front,97.2,173.4,65.2,54.7,2302,four,120,2bbl,3.33,3.47,8.5,97,5200,27,34,9549,-0.404572991,-0.184677388,0.025962937,-0.226199464,0.554998834,-0.460854491,-0.001766202,0.851125975,-0.550680489,-0.08177547,0.150379211,0.353088925,0.648224199,-0.406422566,3,0,0,1,0
0,128,nissan,gas,std,four,sedan,fwd,front,100.4,181.7,66.5,55.1,3095,six,181,mpfi,3.43,3.27,9,152,5200,17,22,13499,0.483656188,0.50490396,0.848518345,0.616504421,0.749223267,1.37249773,0.392685688,0.046589244,0.213923913,1.669286226,0.150379211,-1.325121966,-1.464372773,0.425860335,1,0,0,1,0
0,108,nissan,gas,std,four,wagon,fwd,front,100.4,184.6,66.5,56.1,3296,six,181,mpfi,3.43,3.27,9,152,5200,17,22,14399,-0.323824884,0.50490396,1.135917222,0.616504421,1.23478435,1.837193563,0.392685688,0.046589244,0.213923913,1.669286226,0.150379211,-1.325121966,-1.464372773,0.615494414,1,0,0,1,0
0,108,nissan,gas,std,four,sedan,fwd,front,100.4,184.6,66.5,55.1,3060,six,181,mpfi,3.43,3.27,9,152,5200,19,25,13499,-0.323824884,0.50490396,1.135917222,0.616504421,0.749223267,1.291580545,0.392685688,0.046589244,0.213923913,1.669286226,0.150379211,-0.989479788,-0.93622353,0.425860335,2,0,0,1,0
3,116.0206186,nissan,gas,std,two,hatchback,rwd,front,91.3,170.7,67.9,49.7,3071,six,181,mpfi,3.43,3.27,9,160,5200,19,25,17199,1.15E-15,-1.456092998,-0.241615328,1.524031683,-1.872806581,1.31701166,0.392685688,0.046589244,0.213923913,1.923986109,0.150379211,-0.989479788,-0.93622353,1.205467103,2,0,0,1,0
3,116.0206186,nissan,gas,turbo,two,hatchback,rwd,front,91.3,170.7,67.9,49.7,3139,six,181,mpfi,3.43,3.27,7.8,99.56852792,5200,17,23,19699,1.15E-15,-1.456092998,-0.241615328,1.524031683,-1.872806581,1.474222191,0.392685688,0.046589244,-1.621126652,-4.52E-16,0.150379211,-1.325121966,-1.288323025,1.732228433,1,0,0,1,0
1,116.0206186,nissan,gas,std,two,hatchback,rwd,front,99.2,178.5,67.9,49.7,3139,six,181,mpfi,3.43,3.27,9,160,5200,19,25,18399,1.15E-15,0.246310954,0.531388549,1.524031683,-1.872806581,1.474222191,0.392685688,0.046589244,0.213923913,1.923986109,0.150379211,-0.989479788,-0.93622353,1.458312541,2,0,0,1,0
0,161,peugot,gas,std,four,sedan,rwd,front,107.9,186.7,68.4,56.7,3020,four,120,mpfi,3.46,3.19,8.4,97,5000,19,24,11900,1.815999957,2.121110244,1.34403365,1.848148562,1.526120999,1.199103762,0.511021255,-0.275225448,-0.70360137,-0.08177547,-0.318519747,-0.989479788,-1.112273278,0.088943788,1,0,1,0,0
0,161,peugot,diesel,turbo,four,sedan,rwd,front,107.9,186.7,68.4,56.7,3197,four,152,idi,3.7,3.52,8.860108108,95,5135.858586,28,33,13200,1.815999957,2.121110244,1.34403365,1.848148562,1.526120999,1.608313526,1.457705793,1.052260157,0,-0.145450441,0,0.520910014,0.472174451,0.36285968,3,0,1,0,0
0,115,peugot,gas,std,four,wagon,rwd,front,98.05699482,173.1380208,68.4,53.55699482,3230,four,120,mpfi,3.46,3.19,8.4,97,5000,19,24,12440,-0.041206508,-2.45E-14,-8.45E-15,1.848148562,1.04E-14,1.684606872,0.511021255,-0.275225448,-0.70360137,-0.08177547,-0.318519747,-0.989479788,-1.112273278,0.202724236,1,0,1,0,0
0,115,peugot,diesel,turbo,four,wagon,rwd,front,98.05699482,173.1380208,68.4,53.55699482,3430,four,152,idi,3.7,3.52,8.860108108,95,5135.858586,25,25,13860,-0.041206508,-2.45E-14,-8.45E-15,1.848148562,1.04E-14,2.146990786,1.457705793,1.052260157,0,-0.145450441,0,0.017446747,-0.93622353,0.501924671,2,0,1,0,0
0,161,peugot,gas,std,four,sedan,rwd,front,107.9,186.7,68.4,56.7,3075,four,120,mpfi,3.46,3.258418367,8.4,95,5000,19,24,15580,1.815999957,2.121110244,1.34403365,1.848148562,1.526120999,1.326259338,0.511021255,-1.79E-15,-0.70360137,-0.145450441,-0.318519747,-0.989479788,-1.112273278,0.864336466,1,0,1,0,0
0,161,peugot,diesel,turbo,four,sedan,rwd,front,107.9,186.7,68.4,56.7,3252,four,152,idi,3.7,3.52,8.860108108,95,5135.858586,28,33,16900,1.815999957,2.121110244,1.34403365,1.848148562,1.526120999,1.735469102,1.457705793,1.052260157,0,-0.145450441,0,0.520910014,0.472174451,1.142466448,3,0,1,0,0
0,115,peugot,gas,std,four,wagon,rwd,front,98.05699482,173.1380208,68.4,56.7,3285,four,120,mpfi,3.46,3.258418367,8.4,95,5000,19,24,16695,-0.041206508,-2.45E-14,-8.45E-15,1.848148562,1.526120999,1.811762448,0.511021255,-1.79E-15,-0.70360137,-0.145450441,-0.318519747,-0.989479788,-1.112273278,1.099272019,1,0,1,0,0
0,115,peugot,diesel,turbo,four,wagon,rwd,front,98.05699482,173.1380208,68.4,53.55699482,3485,four,152,idi,3.7,3.52,8.860108108,95,5135.858586,25,25,17075,-0.041206508,-2.45E-14,-8.45E-15,1.848148562,1.04E-14,2.274146362,1.457705793,1.052260157,0,-0.145450441,0,0.017446747,-0.93622353,1.179339741,2,0,1,0,0
0,161,peugot,gas,std,four,sedan,rwd,front,107.9,186.7,68.4,56.7,3075,four,120,mpfi,3.46,3.19,8.4,97,5000,19,24,16630,1.815999957,2.121110244,1.34403365,1.848148562,1.526120999,1.326259338,0.511021255,-0.275225448,-0.70360137,-0.08177547,-0.318519747,-0.989479788,-1.112273278,1.085576224,1,0,1,0,0
0,161,peugot,diesel,turbo,four,sedan,rwd,front,107.9,186.7,68.4,56.7,3252,four,152,idi,3.7,3.52,8.860108108,95,5135.858586,28,33,17950,1.815999957,2.121110244,1.34403365,1.848148562,1.526120999,1.735469102,1.457705793,1.052260157,0,-0.145450441,0,0.520910014,0.472174451,1.363706206,3,0,1,0,0
0,161,peugot,gas,turbo,four,sedan,rwd,front,108,186.7,68.3,56,3130,four,134,mpfi,3.61,3.21,7,142,5600,18,24,18150,1.815999957,2.142659661,1.34403365,1.783325186,1.186228241,1.453414915,1.102699091,-0.194771775,-2.844493696,1.350911372,1.088177128,-1.157300877,-1.112273278,1.405847113,1,0,1,0,0
1,119,plymouth,gas,std,two,hatchback,fwd,front,93.7,157.3,63.8,50.8,1918,four,90,2bbl,2.97,3.23,9.4,68,5500,37,41,5572,0.120289706,-0.938906987,-1.569596347,-1.133726725,-1.33868939,-1.348631606,-1.421793009,-0.114318102,0.825607434,-1.005062546,0.853727649,2.031299816,1.880572433,-1.244394489,4,0,0,1,0
1,119,plymouth,gas,turbo,two,hatchback,fwd,front,93.7,157.3,63.8,50.8,2128,four,98,spdi,3.03,3.39,7.6,102,5500,24,30,7957,0.120289706,-0.938906987,-1.569596347,-1.133726725,-1.33868939,-0.863128496,-1.185121874,0.529311283,-1.926968413,0.077411957,0.853727649,-0.150374342,-0.055974792,-0.741864181,2,0,0,1,0
1,154,plymouth,gas,std,four,hatchback,fwd,front,93.7,157.3,63.8,50.6,1967,four,90,2bbl,2.97,3.23,9.4,68,5500,31,38,6229,1.533381582,-0.938906987,-1.569596347,-1.133726725,-1.435801606,-1.235347547,-1.421793009,-0.114318102,0.825607434,-1.005062546,0.853727649,1.024373281,1.35242319,-1.105961612,4,0,0,1,0
1,154,plymouth,gas,std,four,sedan,fwd,front,93.7,167.3,63.8,50.8,1989,four,90,2bbl,2.97,3.23,9.4,68,5500,31,38,6692,1.533381582,-0.938906987,-0.578565736,-1.133726725,-1.33868939,-1.184485316,-1.421793009,-0.114318102,0.825607434,-1.005062546,0.853727649,1.024373281,1.35242319,-1.008405414,4,0,0,1,0
1,154,plymouth,gas,std,four,sedan,fwd,front,93.7,167.3,63.8,50.8,2191,four,98,2bbl,2.97,3.23,9.4,68,5500,31,38,7609,1.533381582,-0.938906987,-0.578565736,-1.133726725,-1.33868939,-0.717477563,-1.421793009,-0.114318102,0.825607434,-1.005062546,0.853727649,1.024373281,1.35242319,-0.815189358,4,0,0,1,0
-1,74,plymouth,gas,std,four,wagon,fwd,front,103.3,174.6,64.6,53.55699482,2535,four,122,2bbl,3.35,3.46,8.5,88,5000,24,30,8921,-1.696542706,1.129837056,0.144886611,-0.615139719,1.04E-14,0.07782277,0.077124176,0.810899138,-0.550680489,-0.368312839,-0.318519747,-0.150374342,-0.055974792,-0.538745012,2,0,0,1,0
3,115,plymouth,gas,turbo,two,hatchback,rwd,front,95.9,173.2,66.3,50.2,2818,four,156,spdi,3.59,3.86,7,145,5000,19,24,12764,-0.041206508,-0.464819811,0.006142325,0.48685767,-1.630026039,0.732096008,1.023808713,2.419972599,-2.844493696,1.446423828,-0.318519747,-0.989479788,-1.112273278,0.270992504,1,0,0,1,0
3,116.0206186,porsche,gas,std,two,hatchback,rwd,front,94.5,168.9,68.3,50.2,2778,four,151,mpfi,3.330447761,3.11,9.5,143,5500,19,27,22018,1.15E-15,-0.766511651,-0.420000838,1.783325186,-1.630026039,0.639619225,3.50E-15,-0.59704014,0.978528315,1.382748858,0.853727649,-0.989479788,-0.584124035,2.220852242,2,0,0,1,0
3,115,porsche,gas,std,two,hardtop,rwd,rear,89.5,168.9,65,51.6,2756,six,194,mpfi,3.74,2.9,9.5,99.56852792,5900,17,25,11477.87435,-0.041206508,-1.843982507,-0.420000838,-0.355846216,-0.950240523,0.588756995,1.615486549,-1.441803707,0.978528315,-4.52E-16,1.791525566,-1.325121966,-0.93622353,0,2,0,0,1,0
3,115,porsche,gas,std,two,hardtop,rwd,rear,89.5,168.9,65,51.6,2756,six,194,mpfi,3.74,2.9,9.5,99.56852792,5900,17,25,11477.87435,-0.041206508,-1.843982507,-0.420000838,-0.355846216,-0.950240523,0.588756995,1.615486549,-1.441803707,0.978528315,-4.52E-16,1.791525566,-1.325121966,-0.93622353,0,2,0,0,1,0
3,115,porsche,gas,std,two,convertible,rwd,rear,89.5,168.9,65,51.6,2800,six,194,mpfi,3.74,2.9,9.5,99.56852792,5900,17,25,11477.87435,-0.041206508,-1.843982507,-0.420000838,-0.355846216,-0.950240523,0.690481456,1.615486549,-1.441803707,0.978528315,-4.52E-16,1.791525566,-1.325121966,-0.93622353,0,2,0,0,1,0
1,115,porsche,gas,std,two,hatchback,rwd,front,98.4,175.7,65.54894737,50.5,3366,eight,203,mpfi,3.330447761,3.11,10,99.56852792,5750,17,28,10295,-0.041206508,0.073915617,0.253899978,0,-1.484357715,1.999027933,3.50E-15,-0.59704014,1.743132717,-4.52E-16,1.439851347,-1.325121966,-0.408074287,-0.249236985,2,1,0,0,0
0,115,renault,gas,std,four,wagon,fwd,front,96.1,181.5,66.5,55.2,2579,four,132,mpfi,3.46,3.258418367,8.7,95,5200,23,31,9295,-0.041206508,-0.421720977,0.828697733,0.616504421,0.797779375,0.179547231,0.511021255,-1.79E-15,-0.244838729,-0.145450441,0.150379211,-0.318195431,0.120074956,-0.459941517,3,0,0,1,0
2,115,renault,gas,std,two,hatchback,fwd,front,96.1,176.8,66.6,50.5,2460,four,132,mpfi,3.46,3.258418367,8.7,95,5200,23,31,9895,-0.041206508,-0.421720977,0.362913345,0.681327797,-1.484357715,-0.095571198,0.511021255,-1.79E-15,-0.244838729,-0.145450441,0.150379211,-0.318195431,0.120074956,-0.333518798,3,0,0,1,0
3,150,saab,gas,std,two,hatchback,fwd,front,99.1,186.6,66.5,56.1,2658,four,121,mpfi,3.54,3.07,9.31,110,5250,21,28,11850,1.371885368,0.224761537,1.334123344,0.616504421,1.23478435,0.362188877,0.826582768,-0.757947486,0.687978642,0.33211184,0.267603951,-0.65383761,-0.408074287,0.078408562,2,0,0,1,0
2,104,saab,gas,std,four,sedan,fwd,front,99.1,186.6,66.5,56.1,2695,four,121,mpfi,3.54,3.07,9.3,110,5250,21,28,12170,-0.485321098,0.224761537,1.334123344,0.616504421,1.23478435,0.447729901,0.826582768,-0.757947486,0.672686554,0.33211184,0.267603951,-0.65383761,-0.408074287,0.145834012,2,0,0,1,0
3,150,saab,gas,std,two,hatchback,fwd,front,99.1,186.6,66.5,56.1,2707,four,121,mpfi,3.330447761,3.258418367,9.3,110,5250,21,28,15040,1.371885368,0.224761537,1.334123344,0.616504421,1.23478435,0.475472936,3.50E-15,-1.79E-15,0.672686554,0.33211184,0.267603951,-0.65383761,-0.408074287,0.750556019,2,0,0,1,0
2,104,saab,gas,std,four,sedan,fwd,front,99.1,186.6,66.5,56.1,2758,four,121,mpfi,3.54,3.07,9.3,110,5250,21,28,15510,-0.485321098,0.224761537,1.334123344,0.616504421,1.23478435,0.593380834,0.826582768,-0.757947486,0.672686554,0.33211184,0.267603951,-0.65383761,-0.408074287,0.849587149,2,0,0,1,0
3,150,saab,gas,turbo,two,hatchback,fwd,front,99.1,186.6,66.5,56.1,2808,four,121,mpfi,3.54,3.07,9,160,5500,19,26,18150,1.371885368,0.224761537,1.334123344,0.616504421,1.23478435,0.708976813,0.826582768,-0.757947486,0.213923913,1.923986109,0.853727649,-0.989479788,-0.760173782,1.405847113,2,1,0,0,0
2,104,saab,gas,turbo,four,sedan,fwd,front,99.1,186.6,66.5,56.1,2847,four,121,mpfi,3.54,3.07,9,160,5500,19,26,18620,-0.485321098,0.224761537,1.334123344,0.616504421,1.23478435,0.799141676,0.826582768,-0.757947486,0.213923913,1.923986109,0.853727649,-0.989479788,-0.760173782,1.504878243,2,1,0,0,0
2,83,subaru,gas,std,two,hatchback,fwd,front,93.7,156.9,63.4,53.7,2050,four,97,2bbl,3.62,3.258418367,9,69,4900,31,36,5118,-1.333176224,-0.938906987,-1.609237571,-1.393020228,0.069437751,-1.043458223,1.14214428,-1.79E-15,0.213923913,-0.973225061,-0.552969226,1.024373281,1.000323694,-1.340054347,3,0,0,1,0
2,83,subaru,gas,std,two,hatchback,fwd,front,93.7,157.9,63.6,53.7,2120,four,108,2bbl,3.62,2.64,8.7,73,4400,26,31,7053,-1.333176224,-0.938906987,-1.51013451,-1.263373477,0.069437751,-0.881623853,1.14214428,-2.487701457,-0.244838729,-0.845875119,-1.725216622,0.185267836,0.120074956,-0.932341078,3,0,0,1,0
2,83,subaru,gas,std,two,hatchback,4wd,front,93.3,157.3,63.8,55.7,2240,four,108,2bbl,3.62,2.64,8.7,73,4400,26,31,7603,-1.333176224,-1.025104656,-1.569596347,-1.133726725,1.040559916,-0.604193504,1.14214428,-2.487701457,-0.244838729,-0.845875119,-1.725216622,0.185267836,0.120074956,-0.816453585,3,0,0,1,0
0,102,subaru,gas,std,four,sedan,fwd,front,97.2,172,65.4,52.5,2145,four,108,2bbl,3.62,2.64,9.5,82,4800,32,37,7126,-0.566069205,-0.184677388,-0.112781348,-0.096552712,-0.513235549,-0.823825863,1.14214428,-2.487701457,0.978528315,-0.559337751,-0.787418705,1.192194371,1.176373442,-0.916959647,4,0,0,1,0
0,102,subaru,gas,std,four,sedan,fwd,front,97.2,172,65.4,52.5,2190,four,108,2bbl,3.62,2.64,9.5,82,4400,28,33,7775,-0.566069205,-0.184677388,-0.112781348,-0.096552712,-0.513235549,-0.719789483,1.14214428,-2.487701457,0.978528315,-0.559337751,-1.725216622,0.520910014,0.472174451,-0.780212406,3,0,0,1,0
0,102,subaru,gas,std,four,sedan,fwd,front,97.2,172,65.4,52.5,2340,four,108,mpfi,3.62,2.64,9,94,5200,26,32,9960,-0.566069205,-0.184677388,-0.112781348,-0.096552712,-0.513235549,-0.373001547,1.14214428,-2.487701457,0.213923913,-0.177287926,0.150379211,0.185267836,0.296124704,-0.319823003,3,0,0,1,0
0,102,subaru,gas,std,four,sedan,4wd,front,97,172,65.4,54.3,2385,four,108,2bbl,3.62,2.64,9,82,4800,24,25,9233,-0.566069205,-0.227776222,-0.112781348,-0.096552712,0.3607744,-0.268965166,1.14214428,-2.487701457,0.213923913,-0.559337751,-0.787418705,-0.150374342,-0.93622353,-0.473005198,2,0,0,1,0
0,102,subaru,gas,turbo,four,sedan,4wd,front,97,172,65.4,54.3,2510,four,108,mpfi,3.62,2.64,7.7,111,4800,24,29,11259,-0.566069205,-0.227776222,-0.112781348,-0.096552712,0.3607744,0.02002478,1.14214428,-2.487701457,-1.774047533,0.363949325,-0.787418705,-0.150374342,-0.232024539,-0.046117817,2,0,0,1,0
0,89,subaru,gas,std,four,wagon,fwd,front,97,173.5,65.4,53,2290,four,108,2bbl,3.62,2.64,9,82,4800,28,32,7463,-1.090931902,-0.227776222,0.035873243,-0.096552712,-0.270455007,-0.488597525,1.14214428,-2.487701457,0.213923913,-0.559337751,-0.787418705,0.520910014,0.296124704,-0.84595222,3,0,0,1,0
0,89,subaru,gas,std,four,wagon,fwd,front,97,173.5,65.4,53,2455,four,108,mpfi,3.62,2.64,9,94,5200,25,31,10198,-1.090931902,-0.227776222,0.035873243,-0.096552712,-0.270455007,-0.107130796,1.14214428,-2.487701457,0.213923913,-0.177287926,0.150379211,0.017446747,0.120074956,-0.269675325,3,0,0,1,0
0,85,subaru,gas,std,four,wagon,4wd,front,96.9,173.6,65.4,54.9,2420,four,108,2bbl,3.62,2.64,9,82,4800,23,29,8013,-1.252428116,-0.24932564,0.04578355,-0.096552712,0.65211105,-0.188047981,1.14214428,-2.487701457,0.213923913,-0.559337751,-0.787418705,-0.318195431,-0.232024539,-0.730064727,2,0,0,1,0
0,85,subaru,gas,turbo,four,wagon,4wd,front,96.9,173.6,65.4,54.9,2650,four,108,mpfi,3.62,2.64,7.7,111,4800,23,23,11694,-1.252428116,-0.24932564,0.04578355,-0.096552712,0.65211105,0.34369352,1.14214428,-2.487701457,-1.774047533,0.363949325,-0.787418705,-0.318195431,-1.288323025,0.045538655,1,0,0,1,0
1,87,toyota,gas,std,two,hatchback,fwd,front,95.7,158.7,63.6,54.5,1985,four,92,2bbl,3.05,3.03,9,62,4800,35,39,5348,-1.171680009,-0.507918645,-1.430852061,-1.263373477,0.457886617,-1.193732995,-1.106231496,-0.918854832,0.213923913,-1.196087459,-0.787418705,1.695657638,1.528472937,-1.291592305,4,0,0,1,0
1,87,toyota,gas,std,two,hatchback,fwd,front,95.7,158.7,63.6,54.5,2040,four,92,2bbl,3.05,3.03,9,62,4800,31,38,6338,-1.171680009,-0.507918645,-1.430852061,-1.263373477,0.457886617,-1.066577418,-1.106231496,-0.918854832,0.213923913,-1.196087459,-0.787418705,1.024373281,1.35242319,-1.082994818,4,0,0,1,0
1,74,toyota,gas,std,four,hatchback,fwd,front,95.7,158.7,63.6,54.5,2015,four,92,2bbl,3.05,3.03,9,62,4800,31,38,6488,-1.696542706,-0.507918645,-1.430852061,-1.263373477,0.457886617,-1.124375408,-1.106231496,-0.918854832,0.213923913,-1.196087459,-0.787418705,1.024373281,1.35242319,-1.051389138,4,0,0,1,0
0,77,toyota,gas,std,four,wagon,fwd,front,95.7,169.7,63.6,53.55699482,2280,four,92,2bbl,3.05,3.03,9,62,4800,31,37,6918,-1.575420545,-0.507918645,-0.340718389,-1.263373477,1.04E-14,-0.511716721,-1.106231496,-0.918854832,0.213923913,-1.196087459,-0.787418705,1.024373281,1.176373442,-0.960786189,4,0,0,1,0
0,81,toyota,gas,std,four,wagon,4wd,front,95.7,169.7,63.6,53.55699482,2290,four,92,2bbl,3.05,3.03,9,62,4800,27,32,7898,-1.413924331,-0.507918645,-0.340718389,-1.263373477,1.04E-14,-0.488597525,-1.106231496,-0.918854832,0.213923913,-1.196087459,-0.787418705,0.353088925,0.296124704,-0.754295748,3,0,0,1,0
0,91,toyota,gas,std,four,wagon,4wd,front,95.7,169.7,63.6,53.55699482,3110,four,92,2bbl,3.05,3.03,9,62,4800,27,32,8778,-1.010183795,-0.507918645,-0.340718389,-1.263373477,1.04E-14,1.407176523,-1.106231496,-0.918854832,0.213923913,-1.196087459,-0.787418705,0.353088925,0.296124704,-0.56887576,3,0,0,1,0
0,91,toyota,gas,std,four,sedan,fwd,front,95.7,166.3,64.4,53,2081,four,98,2bbl,3.19,3.03,9,70,4800,30,37,6938,-1.010183795,-0.507918645,-0.677668797,-0.74478647,-0.270455007,-0.971788716,-0.553998849,-0.918854832,0.213923913,-0.941387575,-0.787418705,0.856552192,1.176373442,-0.956572099,4,0,0,1,0
0,91,toyota,gas,std,four,hatchback,fwd,front,95.7,166.3,64.4,52.8,2109,four,98,2bbl,3.19,3.03,9,70,4800,30,37,7198,-1.010183795,-0.507918645,-0.677668797,-0.74478647,-0.367567224,-0.907054968,-0.553998849,-0.918854832,0.213923913,-0.941387575,-0.787418705,0.856552192,1.176373442,-0.901788921,4,0,0,1,0
0,91,toyota,diesel,std,four,sedan,fwd,front,95.7,166.3,64.4,53,2275,four,110,idi,3.27,3.35,8.860108108,56,4500,34,36,7898,-1.010183795,-0.507918645,-0.677668797,-0.74478647,-0.270455007,-0.523276319,-0.238437337,0.368403937,0,-1.387112371,-1.490767143,1.527836549,1.000323694,-0.754295748,3,0,0,1,0
0,91,toyota,diesel,std,four,hatchback,fwd,front,95.7,166.3,64.4,52.8,2275,four,110,idi,3.27,3.35,8.860108108,56,4500,38,30.31794872,7788,-1.010183795,-0.507918645,-0.677668797,-0.74478647,-0.367567224,-0.523276319,-0.238437337,0.368403937,0,-1.387112371,-1.490767143,2.199120905,6.25E-16,-0.777473247,2,0,0,1,0
0,91,toyota,gas,std,four,sedan,fwd,front,95.7,166.3,64.4,53,2094,four,98,2bbl,3.19,3.03,9,70,4800,38,30.31794872,7738,-1.010183795,-0.507918645,-0.677668797,-0.74478647,-0.270455007,-0.941733761,-0.553998849,-0.918854832,0.213923913,-0.941387575,-0.787418705,2.199120905,6.25E-16,-0.788008473,2,0,0,1,0
0,91,toyota,gas,std,four,hatchback,fwd,front,95.7,166.3,64.4,52.8,2122,four,98,2bbl,3.19,3.03,9,70,4800,28,34,8358,-1.010183795,-0.507918645,-0.677668797,-0.74478647,-0.367567224,-0.877000013,-0.553998849,-0.918854832,0.213923913,-0.941387575,-0.787418705,0.520910014,0.648224199,-0.657371664,3,0,0,1,0
0,91,toyota,gas,std,four,sedan,fwd,front,95.7,166.3,64.4,52.8,2140,four,98,2bbl,3.19,3.03,9,70,4800,28,34,9258,-1.010183795,-0.507918645,-0.677668797,-0.74478647,-0.367567224,-0.835385461,-0.553998849,-0.918854832,0.213923913,-0.941387575,-0.787418705,0.520910014,0.648224199,-0.467737585,3,0,0,1,0
1,168,toyota,gas,std,two,sedan,rwd,front,94.5,168.7,64,52.6,2169,four,98,2bbl,3.19,3.03,9,70,4800,29,34,8058,2.098618333,-0.766511651,-0.43982145,-1.004079974,-0.46467944,-0.768339794,-0.553998849,-0.918854832,0.213923913,-0.941387575,-0.787418705,0.688731103,0.648224199,-0.720583023,3,0,0,1,0
1,168,toyota,gas,std,two,hatchback,rwd,front,94.5,168.7,64,52.6,2204,four,98,2bbl,3.19,3.03,9,70,4800,29,34,8238,2.098618333,-0.766511651,-0.43982145,-1.004079974,-0.46467944,-0.687422609,-0.553998849,-0.918854832,0.213923913,-0.941387575,-0.787418705,0.688731103,0.648224199,-0.682656207,3,0,0,1,0
1,168,toyota,gas,std,two,sedan,rwd,front,94.5,168.7,64,52.6,2265,four,98,mpfi,3.24,3.08,9.4,112,5135.858586,26,29,9298,2.098618333,-0.766511651,-0.43982145,-1.004079974,-0.46467944,-0.546395515,-0.356772904,-0.71772065,0.825607434,0.395786811,0,0.185267836,-0.232024539,-0.459309404,2,1,0,0,0
1,168,toyota,gas,std,two,hatchback,rwd,front,94.5,168.7,64,52.6,2300,four,98,mpfi,3.24,3.08,9.4,112,5135.858586,26,29,9538,2.098618333,-0.766511651,-0.43982145,-1.004079974,-0.46467944,-0.46547833,-0.356772904,-0.71772065,0.825607434,0.395786811,0,0.185267836,-0.232024539,-0.408740316,2,1,0,0,0
2,134,toyota,gas,std,two,hardtop,rwd,front,98.4,176.2,65.6,52,2540,four,146,mpfi,3.62,3.5,9.3,116,4800,24,30,8449,0.72590051,0.073915617,0.303451509,0.033094039,-0.75601609,0.089382367,1.14214428,0.971806484,0.672686554,0.523136752,-0.787418705,-0.150374342,-0.055974792,-0.638197551,2,0,0,1,0
2,134,toyota,gas,std,two,hardtop,rwd,front,98.4,176.2,65.6,52,2536,four,146,mpfi,3.62,3.5,9.3,116,4800,24,30,9639,0.72590051,0.073915617,0.303451509,0.033094039,-0.75601609,0.080134689,1.14214428,0.971806484,0.672686554,0.523136752,-0.787418705,-0.150374342,-0.055974792,-0.387459158,2,0,0,1,0
2,134,toyota,gas,std,two,hatchback,rwd,front,98.4,176.2,65.6,52,2551,four,146,mpfi,3.62,3.5,9.3,116,4800,24,30,9989,0.72590051,0.073915617,0.303451509,0.033094039,-0.75601609,0.114813483,1.14214428,0.971806484,0.672686554,0.523136752,-0.787418705,-0.150374342,-0.055974792,-0.313712572,2,0,0,1,0
2,134,toyota,gas,std,two,hardtop,rwd,front,98.4,176.2,65.6,52,2679,four,146,mpfi,3.62,3.5,9.3,116,4800,24,30,11199,0.72590051,0.073915617,0.303451509,0.033094039,-0.75601609,0.410739188,1.14214428,0.971806484,0.672686554,0.523136752,-0.787418705,-0.150374342,-0.055974792,-0.058760088,2,0,0,1,0
2,134,toyota,gas,std,two,hatchback,rwd,front,98.4,176.2,65.6,52,2714,four,146,mpfi,3.62,3.5,9.3,116,4800,24,30,11549,0.72590051,0.073915617,0.303451509,0.033094039,-0.75601609,0.491656373,1.14214428,0.971806484,0.672686554,0.523136752,-0.787418705,-0.150374342,-0.055974792,0.014986498,2,0,0,1,0
2,134,toyota,gas,std,two,convertible,rwd,front,98.4,176.2,65.6,53,2975,four,146,mpfi,3.62,3.5,9.3,116,4800,24,30,17669,0.72590051,0.073915617,0.303451509,0.033094039,-0.270455007,1.095067381,1.14214428,0.971806484,0.672686554,0.523136752,-0.787418705,-0.150374342,-0.055974792,1.304498233,2,0,0,1,0
-1,65,toyota,gas,std,four,sedan,fwd,front,102.4,175.6,66.5,54.9,2326,four,122,mpfi,3.31,3.54,8.7,92,4200,29,34,8948,-2.059909188,0.935892302,0.243989672,0.616504421,0.65211105,-0.405368421,-0.080656581,1.13271383,-0.244838729,-0.240962897,-2.19411558,0.688731103,0.648224199,-0.53305599,3,0,0,1,0
-1,65,toyota,diesel,turbo,four,sedan,fwd,front,102.4,175.6,66.5,54.9,2480,four,110,idi,3.27,3.35,8.860108108,73,4500,30,33,10698,-2.059909188,0.935892302,0.243989672,0.616504421,0.65211105,-0.049332807,-0.238437337,0.368403937,0,-0.845875119,-1.490767143,0.856552192,0.472174451,-0.164323059,3,0,0,1,0
-1,65,toyota,gas,std,four,hatchback,fwd,front,102.4,175.6,66.5,53.9,2414,four,122,mpfi,3.31,3.54,8.7,92,4200,27,32,9988,-2.059909188,0.935892302,0.243989672,0.616504421,0.166549967,-0.201919499,-0.080656581,1.13271383,-0.244838729,-0.240962897,-2.19411558,0.353088925,0.296124704,-0.313923277,3,0,0,1,0
-1,65,toyota,gas,std,four,sedan,fwd,front,102.4,175.6,66.5,54.9,2414,four,122,mpfi,3.31,3.54,8.7,92,4200,27,32,10898,-2.059909188,0.935892302,0.243989672,0.616504421,0.65211105,-0.201919499,-0.080656581,1.13271383,-0.244838729,-0.240962897,-2.19411558,0.353088925,0.296124704,-0.122182153,3,0,0,1,0
-1,65,toyota,gas,std,four,hatchback,fwd,front,102.4,175.6,66.5,53.9,2458,four,122,mpfi,3.31,3.54,8.7,92,4200,27,32,11248,-2.059909188,0.935892302,0.243989672,0.616504421,0.166549967,-0.100195037,-0.080656581,1.13271383,-0.244838729,-0.240962897,-2.19411558,0.353088925,0.296124704,-0.048435566,3,0,0,1,0
3,116.0206186,toyota,gas,std,two,hatchback,rwd,front,102.9,183.5,67.7,52,2976,six,171,mpfi,3.27,3.35,9.3,161,5200,20,24,16558,1.15E-15,1.043639388,1.026903855,1.394384931,-0.75601609,1.097379301,-0.238437337,0.368403937,0.672686554,1.955823595,0.150379211,-0.821658699,-1.112273278,1.070405498,1,1,0,0,0
3,116.0206186,toyota,gas,std,two,hatchback,rwd,front,102.9,183.5,67.7,52,3016,six,171,mpfi,3.27,3.35,9.3,161,5200,19,24,15998,1.15E-15,1.043639388,1.026903855,1.394384931,-0.75601609,1.189856083,-0.238437337,0.368403937,0.672686554,1.955823595,0.150379211,-0.989479788,-1.112273278,0.95241096,1,1,0,0,0
-1,90,toyota,gas,std,four,sedan,rwd,front,104.5,187.8,66.5,54.1,3131,six,171,mpfi,3.27,3.35,9.2,156,5200,20,24,15690,-1.050557848,1.388430062,1.453047018,0.616504421,0.263662184,1.455726834,-0.238437337,0.368403937,0.519765674,1.796636168,0.150379211,-0.821658699,-1.112273278,0.887513964,1,1,0,0,0
-1,115,toyota,gas,std,four,wagon,rwd,front,104.5,187.8,66.5,54.1,3151,six,161,mpfi,3.27,3.35,9.2,156,5200,19,24,15750,-0.041206508,1.388430062,1.453047018,0.616504421,0.263662184,1.501965226,-0.238437337,0.368403937,0.519765674,1.796636168,0.150379211,-0.989479788,-1.112273278,0.900156236,1,1,0,0,0
2,122,volkswagen,diesel,std,two,sedan,fwd,front,97.3,171.7,65.5,55.7,2261,four,97,idi,3.01,3.4,8.860108108,52,4800,37,30.31794872,7775,0.241411867,-0.163127971,-0.142512267,-0.031729337,1.040559916,-0.555643193,-1.264012253,0.569538119,0,-1.514462312,-0.787418705,2.031299816,6.25E-16,-0.780212406,2,0,0,1,0
2,122,volkswagen,gas,std,two,sedan,fwd,front,97.3,171.7,65.5,55.7,2209,four,109,mpfi,3.19,3.4,9,85,5250,27,34,7975,0.241411867,-0.163127971,-0.142512267,-0.031729337,1.040559916,-0.675863011,-0.553998849,0.569538119,0.213923913,-0.463825295,0.267603951,0.353088925,0.648224199,-0.738071499,3,0,0,1,0
2,94,volkswagen,diesel,std,four,sedan,fwd,front,97.3,171.7,65.5,55.7,2264,four,97,idi,3.01,3.4,8.860108108,52,4800,37,30.31794872,7995,-0.889061634,-0.163127971,-0.142512267,-0.031729337,1.040559916,-0.548707434,-1.264012253,0.569538119,0,-1.514462312,-0.787418705,2.031299816,6.25E-16,-0.733857409,2,0,0,1,0
2,94,volkswagen,gas,std,four,sedan,fwd,front,97.3,171.7,65.5,55.7,2212,four,109,mpfi,3.19,3.4,9,85,5250,27,34,8195,-0.889061634,-0.163127971,-0.142512267,-0.031729337,1.040559916,-0.668927252,-0.553998849,0.569538119,0.213923913,-0.463825295,0.267603951,0.353088925,0.648224199,-0.691716502,3,0,0,1,0
2,94,volkswagen,gas,std,four,sedan,fwd,front,97.3,171.7,65.5,55.7,2275,four,109,mpfi,3.19,3.4,9,85,5250,27,34,8495,-0.889061634,-0.163127971,-0.142512267,-0.031729337,1.040559916,-0.523276319,-0.553998849,0.569538119,0.213923913,-0.463825295,0.267603951,0.353088925,0.648224199,-0.628505143,3,0,0,1,0
2,94,volkswagen,diesel,turbo,four,sedan,fwd,front,97.3,171.7,65.5,55.7,2319,four,97,idi,3.01,3.4,8.860108108,68,4500,37,42,9495,-0.889061634,-0.163127971,-0.142512267,-0.031729337,1.040559916,-0.421551858,-1.264012253,0.569538119,0,-1.005062546,-1.490767143,2.031299816,2.05662218,-0.417800611,4,0,0,1,0
2,94,volkswagen,gas,std,four,sedan,fwd,front,97.3,171.7,65.5,55.7,2300,four,109,mpfi,3.19,3.4,10,100,5500,26,32,9995,-0.889061634,-0.163127971,-0.142512267,-0.031729337,1.040559916,-0.46547833,-0.553998849,0.569538119,1.743132717,0.013736986,0.853727649,0.185267836,0.296124704,-0.312448345,3,0,0,1,0
3,115,volkswagen,gas,std,two,convertible,fwd,front,94.5,159.3,64.2,55.6,2254,four,109,mpfi,3.19,3.4,8.5,90,5500,24,29,11595,-0.041206508,-0.766511651,-1.371390225,-0.874433222,0.992003808,-0.57182663,-0.553998849,0.569538119,-0.550680489,-0.304637868,0.853727649,-0.150374342,-0.232024539,0.024678906,2,0,0,1,0
3,116.0206186,volkswagen,gas,std,two,hatchback,fwd,front,94.5,165.7,64,51.4,2221,four,109,mpfi,3.19,3.4,8.5,90,5500,24,29,9980,1.15E-15,-0.766511651,-0.737130633,-1.004079974,-1.04735274,-0.648119976,-0.553998849,0.569538119,-0.550680489,-0.304637868,0.853727649,-0.150374342,-0.232024539,-0.315608913,2,0,0,1,0
0,115,volkswagen,gas,std,four,sedan,fwd,front,100.4,180.2,66.9,55.1,2661,five,136,mpfi,3.19,3.4,8.5,110,5500,19,24,13295,-0.041206508,0.50490396,0.699863753,0.875797925,0.749223267,0.369124636,-0.553998849,0.569538119,-0.550680489,0.33211184,0.853727649,-0.989479788,-1.112273278,0.38287661,1,0,0,1,0
0,115,volkswagen,diesel,turbo,four,sedan,fwd,front,100.4,180.2,66.9,55.1,2579,four,97,idi,3.01,3.4,8.860108108,68,4500,33,38,13845,-0.041206508,0.50490396,0.699863753,0.875797925,0.749223267,0.179547231,-1.264012253,0.569538119,0,-1.005062546,-1.490767143,1.36001546,1.35242319,0.498764103,4,0,0,1,0
0,115,volkswagen,gas,std,four,wagon,fwd,front,100.4,183.1,66.9,55.1,2563,four,109,mpfi,3.19,3.4,9,88,5500,25,31,12290,-0.041206508,0.50490396,0.98726263,0.875797925,0.749223267,0.142556518,-0.553998849,0.569538119,0.213923913,-0.368312839,0.853727649,0.017446747,0.120074956,0.171118556,3,0,0,1,0
-2,103,volvo,gas,std,four,sedan,rwd,front,104.3,188.8,67.2,56.2,2912,four,141,mpfi,3.78,3.15,9.5,114,5400,23,28,12940,-0.525695152,1.345331228,1.552150079,1.070268052,1.283340458,0.949416448,1.773267305,-0.436132794,0.978528315,0.459461781,0.61927817,-0.318195431,-0.408074287,0.308076502,2,0,0,1,0
-1,74,volvo,gas,std,four,wagon,rwd,front,104.3,188.8,67.2,57.5,3034,four,141,mpfi,3.78,3.15,9.5,114,5400,23,28,13415,-1.696542706,1.345331228,1.552150079,1.070268052,1.914569866,1.231470636,1.773267305,-0.436132794,0.978528315,0.459461781,0.61927817,-0.318195431,-0.408074287,0.408161154,2,0,0,1,0
-2,103,volvo,gas,std,four,sedan,rwd,front,104.3,188.8,67.2,56.2,2935,four,141,mpfi,3.78,3.15,9.5,114,5400,24,28,15985,-0.525695152,1.345331228,1.552150079,1.070268052,1.283340458,1.002590598,1.773267305,-0.436132794,0.978528315,0.459461781,0.61927817,-0.150374342,-0.408074287,0.949671801,2,0,0,1,0
-1,74,volvo,gas,std,four,wagon,rwd,front,104.3,188.8,67.2,57.5,3042,four,141,mpfi,3.78,3.15,9.5,114,5400,24,28,16515,-1.696542706,1.345331228,1.552150079,1.070268052,1.914569866,1.249965992,1.773267305,-0.436132794,0.978528315,0.459461781,0.61927817,-0.150374342,-0.408074287,1.061345203,2,0,0,1,0
-2,103,volvo,gas,turbo,four,sedan,rwd,front,104.3,188.8,67.2,56.2,3045,four,130,mpfi,3.62,3.15,7.5,162,5100,17,22,18420,-0.525695152,1.345331228,1.552150079,1.070268052,1.283340458,1.256901751,1.14214428,-0.436132794,-2.079889294,1.98766108,-0.084070268,-1.325121966,-1.464372773,1.462737336,1,0,0,1,0
-1,74,volvo,gas,turbo,four,wagon,rwd,front,104.3,188.8,67.2,57.5,3157,four,130,mpfi,3.62,3.15,7.5,162,5100,17,22,18950,-1.696542706,1.345331228,1.552150079,1.070268052,1.914569866,1.515836743,1.14214428,-0.436132794,-2.079889294,1.98766108,-0.084070268,-1.325121966,-1.464372773,1.574410738,1,0,0,1,0
-1,95,volvo,gas,std,four,sedan,rwd,front,109.1,188.8,68.9,55.5,2952,four,141,mpfi,3.78,3.15,9.5,114,5400,23,28,16845,-0.84868758,2.379703249,1.552150079,2.172265441,0.9434477,1.041893231,1.773267305,-0.436132794,0.978528315,0.459461781,0.61927817,-0.318195431,-0.408074287,1.130877699,2,0,0,1,0
-1,95,volvo,gas,turbo,four,sedan,rwd,front,109.1,188.8,68.8,55.5,3049,four,141,mpfi,3.78,3.15,8.7,160,5300,19,25,19045,-0.84868758,2.379703249,1.552150079,2.107442065,0.9434477,1.266149429,1.773267305,-0.436132794,-0.244838729,1.923986109,0.384828691,-0.989479788,-0.93622353,1.594427669,2,0,0,1,0
-1,95,volvo,gas,std,four,sedan,rwd,front,109.1,188.8,68.9,55.5,3012,six,173,mpfi,3.58,2.87,8.8,134,5500,18,23,21485,-0.84868758,2.379703249,1.552150079,2.172265441,0.9434477,1.180608405,0.984363524,-1.562484217,-0.091917848,1.096211489,0.853727649,-1.157300877,-1.288323025,2.108546727,1,0,0,1,0
-1,95,volvo,diesel,turbo,four,sedan,rwd,front,109.1,188.8,68.9,55.5,3217,six,145,idi,3.01,3.4,8.860108108,106,4800,26,27,22470,-0.84868758,2.379703249,1.552150079,2.172265441,0.9434477,1.654551917,-1.264012253,0.569538119,0,0.204761898,-0.787418705,0.185267836,-0.584124035,2.316090691,2,0,0,1,0
-1,95,volvo,gas,turbo,four,sedan,rwd,front,109.1,188.8,68.9,55.5,3062,four,141,mpfi,3.78,3.15,9.5,114,5400,19,25,22625,-0.84868758,2.379703249,1.552150079,2.172265441,0.9434477,1.296204384,1.773267305,-0.436132794,0.978528315,0.459461781,0.61927817,-0.989479788,-0.93622353,2.348749893,2,0,0,1,0
